timestamp, name, memory.used [MiB], utilization.gpu [%], power.draw [W]
2026/09/27 22:36:16.386, NVIDIA H100 80GB HBM3, 0 MiB, 0 %, 68.83 W
2026/09/27 22:36:17.391, NVIDIA H100 80GB HBM3, 0 MiB, 0 %, 69.03 W
2026/09/27 22:36:18.392, NVIDIA H100 80GB HBM3, 0 MiB, 0 %, 69.02 W
2026/09/27 22:36:19.392, NVIDIA H100 80GB HBM3, 0 MiB, 0 %, 68.94 W
2026/09/27 22:36:20.392, NVIDIA H100 80GB HBM3, 1 MiB, 0 %, 68.87 W
2026/09/27 22:36:21.392, NVIDIA H100 80GB HBM3, 529 MiB, 0 %, 77.74 W
2026/09/27 22:36:22.393, NVIDIA H100 80GB HBM3, 3671 MiB, 7 %, 115.25 W
2026/09/27 22:36:23.393, NVIDIA H100 80GB HBM3, 3689 MiB, 84 %, 231.02 W
2026/09/27 22:36:24.393, NVIDIA H100 80GB HBM3, 3689 MiB, 72 %, 317.11 W
2026/09/27 22:36:25.393, NVIDIA H100 80GB HBM3, 3689 MiB, 83 %, 319.72 W
2026/09/27 22:36:26.394, NVIDIA H100 80GB HBM3, 0 MiB, 2 %, 285.18 W
