job_index,cell_index,cell,replicate,data_seed,fold_seed
0,0,uniform,0,202609220000,202609320000
1,1,base,0,202609221000,202609321000
2,2,weak_overlap,0,202609222000,202609322000
3,0,uniform,1,202609220001,202609320001
4,1,base,1,202609221001,202609321001
5,2,weak_overlap,1,202609222001,202609322001
6,0,uniform,2,202609220002,202609320002
7,1,base,2,202609221002,202609321002
8,2,weak_overlap,2,202609222002,202609322002
9,0,uniform,3,202609220003,202609320003
10,1,base,3,202609221003,202609321003
11,2,weak_overlap,3,202609222003,202609322003
12,0,uniform,4,202609220004,202609320004
13,1,base,4,202609221004,202609321004
14,2,weak_overlap,4,202609222004,202609322004
15,0,uniform,5,202609220005,202609320005
16,1,base,5,202609221005,202609321005
17,2,weak_overlap,5,202609222005,202609322005
18,0,uniform,6,202609220006,202609320006
19,1,base,6,202609221006,202609321006
20,2,weak_overlap,6,202609222006,202609322006
21,0,uniform,7,202609220007,202609320007
22,1,base,7,202609221007,202609321007
23,2,weak_overlap,7,202609222007,202609322007
24,0,uniform,8,202609220008,202609320008
25,1,base,8,202609221008,202609321008
26,2,weak_overlap,8,202609222008,202609322008
27,0,uniform,9,202609220009,202609320009
28,1,base,9,202609221009,202609321009
29,2,weak_overlap,9,202609222009,202609322009
30,0,uniform,10,202609220010,202609320010
31,1,base,10,202609221010,202609321010
32,2,weak_overlap,10,202609222010,202609322010
33,0,uniform,11,202609220011,202609320011
34,1,base,11,202609221011,202609321011
35,2,weak_overlap,11,202609222011,202609322011
36,0,uniform,12,202609220012,202609320012
37,1,base,12,202609221012,202609321012
38,2,weak_overlap,12,202609222012,202609322012
39,0,uniform,13,202609220013,202609320013
40,1,base,13,202609221013,202609321013
41,2,weak_overlap,13,202609222013,202609322013
42,0,uniform,14,202609220014,202609320014
43,1,base,14,202609221014,202609321014
44,2,weak_overlap,14,202609222014,202609322014
45,0,uniform,15,202609220015,202609320015
46,1,base,15,202609221015,202609321015
47,2,weak_overlap,15,202609222015,202609322015
48,0,uniform,16,202609220016,202609320016
49,1,base,16,202609221016,202609321016
50,2,weak_overlap,16,202609222016,202609322016
51,0,uniform,17,202609220017,202609320017
52,1,base,17,202609221017,202609321017
53,2,weak_overlap,17,202609222017,202609322017
54,0,uniform,18,202609220018,202609320018
55,1,base,18,202609221018,202609321018
56,2,weak_overlap,18,202609222018,202609322018
57,0,uniform,19,202609220019,202609320019
58,1,base,19,202609221019,202609321019
59,2,weak_overlap,19,202609222019,202609322019
60,0,uniform,20,202609220020,202609320020
61,1,base,20,202609221020,202609321020
62,2,weak_overlap,20,202609222020,202609322020
63,0,uniform,21,202609220021,202609320021
64,1,base,21,202609221021,202609321021
65,2,weak_overlap,21,202609222021,202609322021
66,0,uniform,22,202609220022,202609320022
67,1,base,22,202609221022,202609321022
68,2,weak_overlap,22,202609222022,202609322022
69,0,uniform,23,202609220023,202609320023
70,1,base,23,202609221023,202609321023
71,2,weak_overlap,23,202609222023,202609322023
72,0,uniform,24,202609220024,202609320024
73,1,base,24,202609221024,202609321024
74,2,weak_overlap,24,202609222024,202609322024
75,0,uniform,25,202609220025,202609320025
76,1,base,25,202609221025,202609321025
77,2,weak_overlap,25,202609222025,202609322025
78,0,uniform,26,202609220026,202609320026
79,1,base,26,202609221026,202609321026
80,2,weak_overlap,26,202609222026,202609322026
81,0,uniform,27,202609220027,202609320027
82,1,base,27,202609221027,202609321027
83,2,weak_overlap,27,202609222027,202609322027
84,0,uniform,28,202609220028,202609320028
85,1,base,28,202609221028,202609321028
86,2,weak_overlap,28,202609222028,202609322028
87,0,uniform,29,202609220029,202609320029
88,1,base,29,202609221029,202609321029
89,2,weak_overlap,29,202609222029,202609322029
90,0,uniform,30,202609220030,202609320030
91,1,base,30,202609221030,202609321030
92,2,weak_overlap,30,202609222030,202609322030
93,0,uniform,31,202609220031,202609320031
94,1,base,31,202609221031,202609321031
95,2,weak_overlap,31,202609222031,202609322031
96,0,uniform,32,202609220032,202609320032
97,1,base,32,202609221032,202609321032
98,2,weak_overlap,32,202609222032,202609322032
99,0,uniform,33,202609220033,202609320033
100,1,base,33,202609221033,202609321033
101,2,weak_overlap,33,202609222033,202609322033
102,0,uniform,34,202609220034,202609320034
103,1,base,34,202609221034,202609321034
104,2,weak_overlap,34,202609222034,202609322034
105,0,uniform,35,202609220035,202609320035
106,1,base,35,202609221035,202609321035
107,2,weak_overlap,35,202609222035,202609322035
108,0,uniform,36,202609220036,202609320036
109,1,base,36,202609221036,202609321036
110,2,weak_overlap,36,202609222036,202609322036
111,0,uniform,37,202609220037,202609320037
112,1,base,37,202609221037,202609321037
113,2,weak_overlap,37,202609222037,202609322037
114,0,uniform,38,202609220038,202609320038
115,1,base,38,202609221038,202609321038
116,2,weak_overlap,38,202609222038,202609322038
117,0,uniform,39,202609220039,202609320039
118,1,base,39,202609221039,202609321039
119,2,weak_overlap,39,202609222039,202609322039
120,0,uniform,40,202609220040,202609320040
121,1,base,40,202609221040,202609321040
122,2,weak_overlap,40,202609222040,202609322040
123,0,uniform,41,202609220041,202609320041
124,1,base,41,202609221041,202609321041
125,2,weak_overlap,41,202609222041,202609322041
126,0,uniform,42,202609220042,202609320042
127,1,base,42,202609221042,202609321042
128,2,weak_overlap,42,202609222042,202609322042
129,0,uniform,43,202609220043,202609320043
130,1,base,43,202609221043,202609321043
131,2,weak_overlap,43,202609222043,202609322043
132,0,uniform,44,202609220044,202609320044
133,1,base,44,202609221044,202609321044
134,2,weak_overlap,44,202609222044,202609322044
135,0,uniform,45,202609220045,202609320045
136,1,base,45,202609221045,202609321045
137,2,weak_overlap,45,202609222045,202609322045
138,0,uniform,46,202609220046,202609320046
139,1,base,46,202609221046,202609321046
140,2,weak_overlap,46,202609222046,202609322046
141,0,uniform,47,202609220047,202609320047
142,1,base,47,202609221047,202609321047
143,2,weak_overlap,47,202609222047,202609322047
144,0,uniform,48,202609220048,202609320048
145,1,base,48,202609221048,202609321048
146,2,weak_overlap,48,202609222048,202609322048
147,0,uniform,49,202609220049,202609320049
148,1,base,49,202609221049,202609321049
149,2,weak_overlap,49,202609222049,202609322049
150,0,uniform,50,202609220050,202609320050
151,1,base,50,202609221050,202609321050
152,2,weak_overlap,50,202609222050,202609322050
153,0,uniform,51,202609220051,202609320051
154,1,base,51,202609221051,202609321051
155,2,weak_overlap,51,202609222051,202609322051
156,0,uniform,52,202609220052,202609320052
157,1,base,52,202609221052,202609321052
158,2,weak_overlap,52,202609222052,202609322052
159,0,uniform,53,202609220053,202609320053
160,1,base,53,202609221053,202609321053
161,2,weak_overlap,53,202609222053,202609322053
162,0,uniform,54,202609220054,202609320054
163,1,base,54,202609221054,202609321054
164,2,weak_overlap,54,202609222054,202609322054
165,0,uniform,55,202609220055,202609320055
166,1,base,55,202609221055,202609321055
167,2,weak_overlap,55,202609222055,202609322055
168,0,uniform,56,202609220056,202609320056
169,1,base,56,202609221056,202609321056
170,2,weak_overlap,56,202609222056,202609322056
171,0,uniform,57,202609220057,202609320057
172,1,base,57,202609221057,202609321057
173,2,weak_overlap,57,202609222057,202609322057
174,0,uniform,58,202609220058,202609320058
175,1,base,58,202609221058,202609321058
176,2,weak_overlap,58,202609222058,202609322058
177,0,uniform,59,202609220059,202609320059
178,1,base,59,202609221059,202609321059
179,2,weak_overlap,59,202609222059,202609322059
180,0,uniform,60,202609220060,202609320060
181,1,base,60,202609221060,202609321060
182,2,weak_overlap,60,202609222060,202609322060
183,0,uniform,61,202609220061,202609320061
184,1,base,61,202609221061,202609321061
185,2,weak_overlap,61,202609222061,202609322061
186,0,uniform,62,202609220062,202609320062
187,1,base,62,202609221062,202609321062
188,2,weak_overlap,62,202609222062,202609322062
189,0,uniform,63,202609220063,202609320063
190,1,base,63,202609221063,202609321063
191,2,weak_overlap,63,202609222063,202609322063
192,0,uniform,64,202609220064,202609320064
193,1,base,64,202609221064,202609321064
194,2,weak_overlap,64,202609222064,202609322064
195,0,uniform,65,202609220065,202609320065
196,1,base,65,202609221065,202609321065
197,2,weak_overlap,65,202609222065,202609322065
198,0,uniform,66,202609220066,202609320066
199,1,base,66,202609221066,202609321066
200,2,weak_overlap,66,202609222066,202609322066
201,0,uniform,67,202609220067,202609320067
202,1,base,67,202609221067,202609321067
203,2,weak_overlap,67,202609222067,202609322067
204,0,uniform,68,202609220068,202609320068
205,1,base,68,202609221068,202609321068
206,2,weak_overlap,68,202609222068,202609322068
207,0,uniform,69,202609220069,202609320069
208,1,base,69,202609221069,202609321069
209,2,weak_overlap,69,202609222069,202609322069
210,0,uniform,70,202609220070,202609320070
211,1,base,70,202609221070,202609321070
212,2,weak_overlap,70,202609222070,202609322070
213,0,uniform,71,202609220071,202609320071
214,1,base,71,202609221071,202609321071
215,2,weak_overlap,71,202609222071,202609322071
216,0,uniform,72,202609220072,202609320072
217,1,base,72,202609221072,202609321072
218,2,weak_overlap,72,202609222072,202609322072
219,0,uniform,73,202609220073,202609320073
220,1,base,73,202609221073,202609321073
221,2,weak_overlap,73,202609222073,202609322073
222,0,uniform,74,202609220074,202609320074
223,1,base,74,202609221074,202609321074
224,2,weak_overlap,74,202609222074,202609322074
225,0,uniform,75,202609220075,202609320075
226,1,base,75,202609221075,202609321075
227,2,weak_overlap,75,202609222075,202609322075
228,0,uniform,76,202609220076,202609320076
229,1,base,76,202609221076,202609321076
230,2,weak_overlap,76,202609222076,202609322076
231,0,uniform,77,202609220077,202609320077
232,1,base,77,202609221077,202609321077
233,2,weak_overlap,77,202609222077,202609322077
234,0,uniform,78,202609220078,202609320078
235,1,base,78,202609221078,202609321078
236,2,weak_overlap,78,202609222078,202609322078
237,0,uniform,79,202609220079,202609320079
238,1,base,79,202609221079,202609321079
239,2,weak_overlap,79,202609222079,202609322079
240,0,uniform,80,202609220080,202609320080
241,1,base,80,202609221080,202609321080
242,2,weak_overlap,80,202609222080,202609322080
243,0,uniform,81,202609220081,202609320081
244,1,base,81,202609221081,202609321081
245,2,weak_overlap,81,202609222081,202609322081
246,0,uniform,82,202609220082,202609320082
247,1,base,82,202609221082,202609321082
248,2,weak_overlap,82,202609222082,202609322082
249,0,uniform,83,202609220083,202609320083
250,1,base,83,202609221083,202609321083
251,2,weak_overlap,83,202609222083,202609322083
252,0,uniform,84,202609220084,202609320084
253,1,base,84,202609221084,202609321084
254,2,weak_overlap,84,202609222084,202609322084
255,0,uniform,85,202609220085,202609320085
256,1,base,85,202609221085,202609321085
257,2,weak_overlap,85,202609222085,202609322085
258,0,uniform,86,202609220086,202609320086
259,1,base,86,202609221086,202609321086
260,2,weak_overlap,86,202609222086,202609322086
261,0,uniform,87,202609220087,202609320087
262,1,base,87,202609221087,202609321087
263,2,weak_overlap,87,202609222087,202609322087
264,0,uniform,88,202609220088,202609320088
265,1,base,88,202609221088,202609321088
266,2,weak_overlap,88,202609222088,202609322088
267,0,uniform,89,202609220089,202609320089
268,1,base,89,202609221089,202609321089
269,2,weak_overlap,89,202609222089,202609322089
270,0,uniform,90,202609220090,202609320090
271,1,base,90,202609221090,202609321090
272,2,weak_overlap,90,202609222090,202609322090
273,0,uniform,91,202609220091,202609320091
274,1,base,91,202609221091,202609321091
275,2,weak_overlap,91,202609222091,202609322091
276,0,uniform,92,202609220092,202609320092
277,1,base,92,202609221092,202609321092
278,2,weak_overlap,92,202609222092,202609322092
279,0,uniform,93,202609220093,202609320093
280,1,base,93,202609221093,202609321093
281,2,weak_overlap,93,202609222093,202609322093
282,0,uniform,94,202609220094,202609320094
283,1,base,94,202609221094,202609321094
284,2,weak_overlap,94,202609222094,202609322094
285,0,uniform,95,202609220095,202609320095
286,1,base,95,202609221095,202609321095
287,2,weak_overlap,95,202609222095,202609322095
288,0,uniform,96,202609220096,202609320096
289,1,base,96,202609221096,202609321096
290,2,weak_overlap,96,202609222096,202609322096
291,0,uniform,97,202609220097,202609320097
292,1,base,97,202609221097,202609321097
293,2,weak_overlap,97,202609222097,202609322097
294,0,uniform,98,202609220098,202609320098
295,1,base,98,202609221098,202609321098
296,2,weak_overlap,98,202609222098,202609322098
297,0,uniform,99,202609220099,202609320099
298,1,base,99,202609221099,202609321099
299,2,weak_overlap,99,202609222099,202609322099
300,0,uniform,100,202609220100,202609320100
301,1,base,100,202609221100,202609321100
302,2,weak_overlap,100,202609222100,202609322100
303,0,uniform,101,202609220101,202609320101
304,1,base,101,202609221101,202609321101
305,2,weak_overlap,101,202609222101,202609322101
306,0,uniform,102,202609220102,202609320102
307,1,base,102,202609221102,202609321102
308,2,weak_overlap,102,202609222102,202609322102
309,0,uniform,103,202609220103,202609320103
310,1,base,103,202609221103,202609321103
311,2,weak_overlap,103,202609222103,202609322103
312,0,uniform,104,202609220104,202609320104
313,1,base,104,202609221104,202609321104
314,2,weak_overlap,104,202609222104,202609322104
315,0,uniform,105,202609220105,202609320105
316,1,base,105,202609221105,202609321105
317,2,weak_overlap,105,202609222105,202609322105
318,0,uniform,106,202609220106,202609320106
319,1,base,106,202609221106,202609321106
320,2,weak_overlap,106,202609222106,202609322106
321,0,uniform,107,202609220107,202609320107
322,1,base,107,202609221107,202609321107
323,2,weak_overlap,107,202609222107,202609322107
324,0,uniform,108,202609220108,202609320108
325,1,base,108,202609221108,202609321108
326,2,weak_overlap,108,202609222108,202609322108
327,0,uniform,109,202609220109,202609320109
328,1,base,109,202609221109,202609321109
329,2,weak_overlap,109,202609222109,202609322109
330,0,uniform,110,202609220110,202609320110
331,1,base,110,202609221110,202609321110
332,2,weak_overlap,110,202609222110,202609322110
333,0,uniform,111,202609220111,202609320111
334,1,base,111,202609221111,202609321111
335,2,weak_overlap,111,202609222111,202609322111
336,0,uniform,112,202609220112,202609320112
337,1,base,112,202609221112,202609321112
338,2,weak_overlap,112,202609222112,202609322112
339,0,uniform,113,202609220113,202609320113
340,1,base,113,202609221113,202609321113
341,2,weak_overlap,113,202609222113,202609322113
342,0,uniform,114,202609220114,202609320114
343,1,base,114,202609221114,202609321114
344,2,weak_overlap,114,202609222114,202609322114
345,0,uniform,115,202609220115,202609320115
346,1,base,115,202609221115,202609321115
347,2,weak_overlap,115,202609222115,202609322115
348,0,uniform,116,202609220116,202609320116
349,1,base,116,202609221116,202609321116
350,2,weak_overlap,116,202609222116,202609322116
351,0,uniform,117,202609220117,202609320117
352,1,base,117,202609221117,202609321117
353,2,weak_overlap,117,202609222117,202609322117
354,0,uniform,118,202609220118,202609320118
355,1,base,118,202609221118,202609321118
356,2,weak_overlap,118,202609222118,202609322118
357,0,uniform,119,202609220119,202609320119
358,1,base,119,202609221119,202609321119
359,2,weak_overlap,119,202609222119,202609322119
360,0,uniform,120,202609220120,202609320120
361,1,base,120,202609221120,202609321120
362,2,weak_overlap,120,202609222120,202609322120
363,0,uniform,121,202609220121,202609320121
364,1,base,121,202609221121,202609321121
365,2,weak_overlap,121,202609222121,202609322121
366,0,uniform,122,202609220122,202609320122
367,1,base,122,202609221122,202609321122
368,2,weak_overlap,122,202609222122,202609322122
369,0,uniform,123,202609220123,202609320123
370,1,base,123,202609221123,202609321123
371,2,weak_overlap,123,202609222123,202609322123
372,0,uniform,124,202609220124,202609320124
373,1,base,124,202609221124,202609321124
374,2,weak_overlap,124,202609222124,202609322124
375,0,uniform,125,202609220125,202609320125
376,1,base,125,202609221125,202609321125
377,2,weak_overlap,125,202609222125,202609322125
378,0,uniform,126,202609220126,202609320126
379,1,base,126,202609221126,202609321126
380,2,weak_overlap,126,202609222126,202609322126
381,0,uniform,127,202609220127,202609320127
382,1,base,127,202609221127,202609321127
383,2,weak_overlap,127,202609222127,202609322127
384,0,uniform,128,202609220128,202609320128
385,1,base,128,202609221128,202609321128
386,2,weak_overlap,128,202609222128,202609322128
387,0,uniform,129,202609220129,202609320129
388,1,base,129,202609221129,202609321129
389,2,weak_overlap,129,202609222129,202609322129
390,0,uniform,130,202609220130,202609320130
391,1,base,130,202609221130,202609321130
392,2,weak_overlap,130,202609222130,202609322130
393,0,uniform,131,202609220131,202609320131
394,1,base,131,202609221131,202609321131
395,2,weak_overlap,131,202609222131,202609322131
396,0,uniform,132,202609220132,202609320132
397,1,base,132,202609221132,202609321132
398,2,weak_overlap,132,202609222132,202609322132
399,0,uniform,133,202609220133,202609320133
400,1,base,133,202609221133,202609321133
401,2,weak_overlap,133,202609222133,202609322133
402,0,uniform,134,202609220134,202609320134
403,1,base,134,202609221134,202609321134
404,2,weak_overlap,134,202609222134,202609322134
405,0,uniform,135,202609220135,202609320135
406,1,base,135,202609221135,202609321135
407,2,weak_overlap,135,202609222135,202609322135
408,0,uniform,136,202609220136,202609320136
409,1,base,136,202609221136,202609321136
410,2,weak_overlap,136,202609222136,202609322136
411,0,uniform,137,202609220137,202609320137
412,1,base,137,202609221137,202609321137
413,2,weak_overlap,137,202609222137,202609322137
414,0,uniform,138,202609220138,202609320138
415,1,base,138,202609221138,202609321138
416,2,weak_overlap,138,202609222138,202609322138
417,0,uniform,139,202609220139,202609320139
418,1,base,139,202609221139,202609321139
419,2,weak_overlap,139,202609222139,202609322139
420,0,uniform,140,202609220140,202609320140
421,1,base,140,202609221140,202609321140
422,2,weak_overlap,140,202609222140,202609322140
423,0,uniform,141,202609220141,202609320141
424,1,base,141,202609221141,202609321141
425,2,weak_overlap,141,202609222141,202609322141
426,0,uniform,142,202609220142,202609320142
427,1,base,142,202609221142,202609321142
428,2,weak_overlap,142,202609222142,202609322142
429,0,uniform,143,202609220143,202609320143
430,1,base,143,202609221143,202609321143
431,2,weak_overlap,143,202609222143,202609322143
432,0,uniform,144,202609220144,202609320144
433,1,base,144,202609221144,202609321144
434,2,weak_overlap,144,202609222144,202609322144
435,0,uniform,145,202609220145,202609320145
436,1,base,145,202609221145,202609321145
437,2,weak_overlap,145,202609222145,202609322145
438,0,uniform,146,202609220146,202609320146
439,1,base,146,202609221146,202609321146
440,2,weak_overlap,146,202609222146,202609322146
441,0,uniform,147,202609220147,202609320147
442,1,base,147,202609221147,202609321147
443,2,weak_overlap,147,202609222147,202609322147
444,0,uniform,148,202609220148,202609320148
445,1,base,148,202609221148,202609321148
446,2,weak_overlap,148,202609222148,202609322148
447,0,uniform,149,202609220149,202609320149
448,1,base,149,202609221149,202609321149
449,2,weak_overlap,149,202609222149,202609322149
450,0,uniform,150,202609220150,202609320150
451,1,base,150,202609221150,202609321150
452,2,weak_overlap,150,202609222150,202609322150
453,0,uniform,151,202609220151,202609320151
454,1,base,151,202609221151,202609321151
455,2,weak_overlap,151,202609222151,202609322151
456,0,uniform,152,202609220152,202609320152
457,1,base,152,202609221152,202609321152
458,2,weak_overlap,152,202609222152,202609322152
459,0,uniform,153,202609220153,202609320153
460,1,base,153,202609221153,202609321153
461,2,weak_overlap,153,202609222153,202609322153
462,0,uniform,154,202609220154,202609320154
463,1,base,154,202609221154,202609321154
464,2,weak_overlap,154,202609222154,202609322154
465,0,uniform,155,202609220155,202609320155
466,1,base,155,202609221155,202609321155
467,2,weak_overlap,155,202609222155,202609322155
468,0,uniform,156,202609220156,202609320156
469,1,base,156,202609221156,202609321156
470,2,weak_overlap,156,202609222156,202609322156
471,0,uniform,157,202609220157,202609320157
472,1,base,157,202609221157,202609321157
473,2,weak_overlap,157,202609222157,202609322157
474,0,uniform,158,202609220158,202609320158
475,1,base,158,202609221158,202609321158
476,2,weak_overlap,158,202609222158,202609322158
477,0,uniform,159,202609220159,202609320159
478,1,base,159,202609221159,202609321159
479,2,weak_overlap,159,202609222159,202609322159
480,0,uniform,160,202609220160,202609320160
481,1,base,160,202609221160,202609321160
482,2,weak_overlap,160,202609222160,202609322160
483,0,uniform,161,202609220161,202609320161
484,1,base,161,202609221161,202609321161
485,2,weak_overlap,161,202609222161,202609322161
486,0,uniform,162,202609220162,202609320162
487,1,base,162,202609221162,202609321162
488,2,weak_overlap,162,202609222162,202609322162
489,0,uniform,163,202609220163,202609320163
490,1,base,163,202609221163,202609321163
491,2,weak_overlap,163,202609222163,202609322163
492,0,uniform,164,202609220164,202609320164
493,1,base,164,202609221164,202609321164
494,2,weak_overlap,164,202609222164,202609322164
495,0,uniform,165,202609220165,202609320165
496,1,base,165,202609221165,202609321165
497,2,weak_overlap,165,202609222165,202609322165
498,0,uniform,166,202609220166,202609320166
499,1,base,166,202609221166,202609321166
500,2,weak_overlap,166,202609222166,202609322166
501,0,uniform,167,202609220167,202609320167
502,1,base,167,202609221167,202609321167
503,2,weak_overlap,167,202609222167,202609322167
504,0,uniform,168,202609220168,202609320168
505,1,base,168,202609221168,202609321168
506,2,weak_overlap,168,202609222168,202609322168
507,0,uniform,169,202609220169,202609320169
508,1,base,169,202609221169,202609321169
509,2,weak_overlap,169,202609222169,202609322169
510,0,uniform,170,202609220170,202609320170
511,1,base,170,202609221170,202609321170
512,2,weak_overlap,170,202609222170,202609322170
513,0,uniform,171,202609220171,202609320171
514,1,base,171,202609221171,202609321171
515,2,weak_overlap,171,202609222171,202609322171
516,0,uniform,172,202609220172,202609320172
517,1,base,172,202609221172,202609321172
518,2,weak_overlap,172,202609222172,202609322172
519,0,uniform,173,202609220173,202609320173
520,1,base,173,202609221173,202609321173
521,2,weak_overlap,173,202609222173,202609322173
522,0,uniform,174,202609220174,202609320174
523,1,base,174,202609221174,202609321174
524,2,weak_overlap,174,202609222174,202609322174
525,0,uniform,175,202609220175,202609320175
526,1,base,175,202609221175,202609321175
527,2,weak_overlap,175,202609222175,202609322175
528,0,uniform,176,202609220176,202609320176
529,1,base,176,202609221176,202609321176
530,2,weak_overlap,176,202609222176,202609322176
531,0,uniform,177,202609220177,202609320177
532,1,base,177,202609221177,202609321177
533,2,weak_overlap,177,202609222177,202609322177
534,0,uniform,178,202609220178,202609320178
535,1,base,178,202609221178,202609321178
536,2,weak_overlap,178,202609222178,202609322178
537,0,uniform,179,202609220179,202609320179
538,1,base,179,202609221179,202609321179
539,2,weak_overlap,179,202609222179,202609322179
540,0,uniform,180,202609220180,202609320180
541,1,base,180,202609221180,202609321180
542,2,weak_overlap,180,202609222180,202609322180
543,0,uniform,181,202609220181,202609320181
544,1,base,181,202609221181,202609321181
545,2,weak_overlap,181,202609222181,202609322181
546,0,uniform,182,202609220182,202609320182
547,1,base,182,202609221182,202609321182
548,2,weak_overlap,182,202609222182,202609322182
549,0,uniform,183,202609220183,202609320183
550,1,base,183,202609221183,202609321183
551,2,weak_overlap,183,202609222183,202609322183
552,0,uniform,184,202609220184,202609320184
553,1,base,184,202609221184,202609321184
554,2,weak_overlap,184,202609222184,202609322184
555,0,uniform,185,202609220185,202609320185
556,1,base,185,202609221185,202609321185
557,2,weak_overlap,185,202609222185,202609322185
558,0,uniform,186,202609220186,202609320186
559,1,base,186,202609221186,202609321186
560,2,weak_overlap,186,202609222186,202609322186
561,0,uniform,187,202609220187,202609320187
562,1,base,187,202609221187,202609321187
563,2,weak_overlap,187,202609222187,202609322187
564,0,uniform,188,202609220188,202609320188
565,1,base,188,202609221188,202609321188
566,2,weak_overlap,188,202609222188,202609322188
567,0,uniform,189,202609220189,202609320189
568,1,base,189,202609221189,202609321189
569,2,weak_overlap,189,202609222189,202609322189
570,0,uniform,190,202609220190,202609320190
571,1,base,190,202609221190,202609321190
572,2,weak_overlap,190,202609222190,202609322190
573,0,uniform,191,202609220191,202609320191
574,1,base,191,202609221191,202609321191
575,2,weak_overlap,191,202609222191,202609322191
576,0,uniform,192,202609220192,202609320192
577,1,base,192,202609221192,202609321192
578,2,weak_overlap,192,202609222192,202609322192
579,0,uniform,193,202609220193,202609320193
580,1,base,193,202609221193,202609321193
581,2,weak_overlap,193,202609222193,202609322193
582,0,uniform,194,202609220194,202609320194
583,1,base,194,202609221194,202609321194
584,2,weak_overlap,194,202609222194,202609322194
585,0,uniform,195,202609220195,202609320195
586,1,base,195,202609221195,202609321195
587,2,weak_overlap,195,202609222195,202609322195
588,0,uniform,196,202609220196,202609320196
589,1,base,196,202609221196,202609321196
590,2,weak_overlap,196,202609222196,202609322196
591,0,uniform,197,202609220197,202609320197
592,1,base,197,202609221197,202609321197
593,2,weak_overlap,197,202609222197,202609322197
594,0,uniform,198,202609220198,202609320198
595,1,base,198,202609221198,202609321198
596,2,weak_overlap,198,202609222198,202609322198
597,0,uniform,199,202609220199,202609320199
598,1,base,199,202609221199,202609321199
599,2,weak_overlap,199,202609222199,202609322199
